WBAL,Power,HRM
11.000,94.6,125
11.000,91.3,124
11.000,97.2,123
11.000,99.1,123
11.000,101,123
11.000,100.5,124
11.000,100.3,125
11.000,98.6,126
11.000,98.8,126
11.000,98.4,127
11.000,95.7,126
11.000,92.9,126
11.000,93.9,126
11.000,85,125
11.000,80.5,125
11.000,54.7,126
11.000,87.4,127
11.000,88.7,128
11.000,87.3,129
11.000,92.2,129
11.000,101.6,129
11.000,106.3,129
11.000,101.6,129
11.000,96.8,130
11.000,92.4,130
11.000,76.2,131
11.000,72.6,131
11.000,83.8,129
11.000,41.9,127
11.000,21,124
11.000,10.5,124
11.000,12.2,123
11.000,60.6,123
11.000,93.3,124
11.000,89.7,124
11.000,89.8,124
11.000,91.4,124
11.000,109.7,124
11.000,118.9,124
11.000,110.4,123
11.000,100.2,123
11.000,96.1,123
11.000,94.1,123
11.000,89,123
11.000,57.5,123
11.000,41.8,124
11.000,86.9,125
11.000,102.4,127
11.000,60.2,129
11.000,39.1,130
11.000,28.6,131
11.000,98.3,131
11.000,49.1,132
11.000,24.6,134
11.000,12.3,135
11.000,6.1,135
11.000,3.1,132
11.000,1.5,129
11.000,0.8,121
11.000,0.4,115
11.000,0.2,113
11.000,0.1,112
11.000,0,110
11.000,0,113
11.000,0,113
11.000,0,113
11.000,0,112
11.000,0,110
11.000,0,108
11.000,0,109
11.000,0,112
11.000,0,116
11.000,44,119
11.000,73,120
11.000,87.5,120
11.000,88.3,120
11.000,62.1,119
11.000,49.1,118
11.000,42.5,117
11.000,58.3,117
11.000,67.6,117
11.000,72.3,118
11.000,76.2,118
11.000,99.1,117
11.000,85.5,116
11.000,78.8,114
11.000,104.4,111
11.000,84.2,108
11.000,74.1,107
11.000,70,109
11.000,109.5,112
11.000,123.3,113
11.000,121.6,117
11.000,127.3,118
11.000,123.7,117
11.000,136.3,117
11.000,142.7,118
11.000,145.8,119
11.000,132.4,120
11.000,127.7,120
11.000,121.4,120
11.000,119.2,118
11.000,118.1,115
11.000,124.5,113
11.000,124.3,111
11.000,124.1,111
11.000,117.6,112
11.000,116.8,113
11.000,136.4,115
11.000,150.2,115
11.000,157.6,115
11.000,140.3,116
11.000,127.1,116
11.000,123.1,118
11.000,121,118
11.000,129.5,119
11.000,126.3,120
11.000,121.1,120
11.000,120.1,120
11.000,132,119
11.000,128,119
11.000,115,119
11.000,107,120
11.000,109.5,121
11.000,105.8,122
11.000,115.9,121
11.000,119.4,120
11.000,127.2,120
11.000,132.1,120
11.000,135.1,121
11.000,136.5,122
11.000,131.3,123
11.000,128.6,124
11.000,129.3,124
11.000,130.7,125
11.000,120.3,126
11.000,110.7,125
11.000,103.8,125
11.000,101.4,124
11.000,105.2,123
11.000,105.1,122
11.000,112.1,120
11.000,121.5,120
11.000,124.3,119
11.000,131.6,119
11.000,141.8,120
11.000,132.9,121
11.000,124.5,122
11.000,115.7,123
11.000,118.4,124
11.000,120.7,125
11.000,118.3,125
11.000,118.2,125
11.000,118.6,126
11.000,118.3,127
11.000,120.6,128
11.000,122.8,129
11.000,122.9,129
11.000,123,129
11.000,130,129
11.000,135,129
11.000,132.5,130
11.000,124.7,131
11.000,125.4,131
11.000,124.7,131
11.000,114.3,131
11.000,112.7,131
11.000,118.8,130
11.000,121.4,128
11.000,132.2,127
11.000,146.6,127
11.000,145.3,127
11.000,132.2,127
11.000,121.1,128
11.000,119.5,129
11.000,125.3,129
11.000,134.6,130
11.000,128.3,130
11.000,125.2,130
11.000,120.1,129
11.000,119,129
11.000,123,129
11.000,126.5,129
11.000,127.3,129
11.000,127.6,128
11.000,122.8,127
11.000,122.4,126
11.000,126.2,125
11.000,121.1,125
11.000,120.6,125
11.000,120.8,125
11.000,115.4,126
11.000,115.7,126
11.000,116.8,126
11.000,132.4,126
11.000,136.7,125
11.000,129.9,125
11.000,121.4,125
11.000,121.7,126
11.000,125.4,126
11.000,127.2,127
11.000,123.1,128
11.000,123,128
11.000,119.5,128
11.000,108.8,127
11.000,114.9,126
11.000,112.9,126
11.000,112,126
11.000,113,127
11.000,119,127
11.000,137.5,128
11.000,129.2,129
11.000,127.6,130
11.000,122.8,131
11.000,120.4,131
11.000,115.7,131
11.000,117.4,131
11.000,118.7,130
11.000,121.8,130
11.000,127.4,129
11.000,134.2,129
11.000,137.1,129
11.000,130.1,130
11.000,128,131
11.000,124,132
11.000,132,132
11.000,138,132
11.000,128.5,132
11.000,116.8,132
11.000,107.4,132
11.000,102.7,132
11.000,119.3,131
11.000,121.2,131
11.000,122.1,131
11.000,119.5,130
11.000,118.8,130
11.000,118.9,130
11.000,118.9,129
11.000,116.5,130
11.000,118.2,130
11.000,109.6,131
11.000,105.3,131
11.000,64.2,131
11.000,93.1,130
11.000,106,129
11.000,123,129
11.000,162.5,129
11.000,180.3,129
11.000,186.6,130
11.000,160.8,132
11.000,167.9,133
11.000,156,134
11.000,162.5,135
11.000,157.7,134
11.000,153.9,134
11.000,146.4,134
11.000,151.7,134
11.000,153.4,133
11.000,150.2,133
11.000,148.6,132
11.000,157.3,132
11.000,155.1,132
11.000,149.1,132
11.000,144,132
11.000,156,133
11.000,154,133
11.000,146,133
11.000,139,133
11.000,137,133
11.000,136,133
11.000,127.5,132
11.000,137.3,132
11.000,149.1,132
11.000,159.1,131
11.000,164,131
11.000,165.5,131
11.000,156.8,132
11.000,152.4,133
11.000,153.2,134
11.000,163.6,135
11.000,161.3,136
11.000,153.1,136
11.000,154.6,136
11.000,155.3,135
11.000,158.1,135
11.000,158.1,134
11.000,156,134
11.000,151.5,134
11.000,147.8,135
11.000,145.9,135
11.000,149.4,135
11.000,157.7,134
11.000,172.4,134
11.000,158.2,133
11.000,157.1,133
11.000,151,133
11.000,156.5,134
11.000,159.3,135
11.000,159.1,136
11.000,150.6,136
11.000,153.8,136
11.000,159.9,136
11.000,155.4,136
11.000,152.2,136
11.000,152.1,135
11.000,151.1,136
11.000,157,136
11.000,157,137
11.000,157.5,137
11.000,155.8,138
11.000,153.9,138
11.000,155.9,138
11.000,158.5,139
11.000,165.7,140
11.000,160.9,140
11.000,156.4,141
11.000,153.2,140
11.000,156.1,140
11.000,163.6,139
11.000,155.8,139
11.000,149.4,138
11.000,147.2,138
11.000,142.6,137
11.000,141.3,137
11.000,142.6,136
11.000,146.8,136
11.000,155.9,135
11.000,166.5,134
11.000,154.2,134
11.000,144.6,134
11.000,145.3,134
11.000,145.7,133
11.000,146.8,133
11.000,147.9,132
11.000,156,132
11.000,160,132
11.000,167.5,132
11.000,170.7,132
11.000,162.9,132
11.000,154.4,133
11.000,153.2,134
11.000,161.1,135
11.000,165.1,135
11.000,160.5,135
11.000,158.3,135
11.000,150.1,135
11.000,152.6,135
11.000,155.3,135
11.000,154.1,136
11.000,151.6,137
11.000,153.8,138
11.000,158.4,139
11.000,158.2,139
11.000,157.1,139
11.000,155,139
11.000,153,139
11.000,159.5,139
11.000,168.3,140
11.000,159.1,140
11.000,150.1,141
11.000,145,142
11.000,144.5,142
11.000,154.3,142
11.000,159.1,142
11.000,173.1,142
11.000,155,142
11.000,144,142
11.000,138.5,143
11.000,145.3,144
11.000,157.1,145
11.000,149.6,146
11.000,145.8,147
11.000,145.4,147
11.000,157.2,149
11.000,158.6,149
11.000,152.8,150
11.000,145.9,150
11.000,144.4,149
11.000,148.2,149
11.000,152.1,149
11.000,156.6,149
11.000,160.3,149
11.000,157.1,149
11.000,158.1,149
11.000,155.5,149
11.000,154.3,148
11.000,158.1,148
11.000,156.1,147
11.000,152.5,147
11.000,154.3,146
11.000,158.1,145
11.000,152.6,143
11.000,148.3,143
11.000,148.6,143
11.000,145.8,143
11.000,107.4,143
11.000,93.2,143
10.992,153.1,143
10.984,183.1,143
10.984,167,142
10.984,144.5,142
10.984,134.3,140
10.984,146.6,139
10.984,161.3,138
10.984,154.7,138
10.984,151.3,139
10.984,139.2,140
10.984,142.6,140
10.984,152.3,140
10.984,155.6,140
10.984,167.3,140
10.984,161.7,139
10.984,156.3,140
10.984,155.2,140
10.984,148.1,140
10.984,141,140
10.985,140,140
10.985,141.5,139
10.985,152.8,139
10.985,85.4,137
10.985,51.7,137
10.985,110.8,136
10.985,135.9,136
10.985,161.5,136
10.985,174.2,136
10.985,184.6,136
10.985,185.8,136
10.985,186.4,137
10.945,215.7,138
10.945,203.4,139
10.945,194.7,142
10.945,190.3,143
10.945,190.7,145
10.945,195.3,146
10.945,185.2,146
10.945,189.6,146
10.946,189.3,145
10.946,189.1,144
10.946,192.1,142
10.946,181,141
10.946,166,141
10.946,159,142
10.946,158,143
10.946,170,142
10.946,177.5,140
10.946,183.8,139
10.947,188.9,138
10.947,188.4,138
10.947,185.2,139
10.947,183.6,140
10.947,182.3,141
10.947,191.2,142
10.947,191.1,142
10.947,192.5,142
10.947,193.8,142
10.947,189.4,142
10.947,187.2,142
10.948,174.1,143
10.948,172.5,143
10.948,177.8,143
10.948,189.9,142
10.948,179.9,142
10.948,175.5,141
10.948,178.2,141
10.948,183.6,141
10.948,174.8,141
10.948,172.9,141
10.948,173.5,142
10.949,185.2,142
10.920,209.6,143
10.920,206.8,142
10.920,197.9,143
10.920,178.5,143
10.920,172.7,144
10.920,178.9,145
10.920,181.9,146
10.921,187.5,146
10.921,185.7,146
10.921,187.9,145
10.921,193.4,145
10.921,185.2,144
10.921,181.1,144
10.921,171.6,145
10.922,166.8,146
10.922,164.4,146
10.922,163.7,146
10.922,169.3,145
10.922,170.2,145
10.922,178.6,145
10.922,182.8,144
10.923,180.9,144
10.923,176.9,144
10.923,174.5,144
10.923,172.2,144
10.923,168.1,144
10.923,176.1,144
10.917,193.5,144
10.893,211.3,144
10.894,201.1,144
10.894,193.1,144
10.894,182.5,144
10.894,185.8,145
10.894,187.9,145
10.895,181.4,146
10.895,181.2,146
10.895,186.6,147
10.895,193.8,147
10.895,194.9,147
10.895,191,148
10.896,185.5,148
10.896,180.7,148
10.896,180.4,149
10.896,172.7,149
10.896,168.8,149
10.897,169.4,149
10.897,171.7,148
10.897,185.9,147
10.897,179.9,147
10.897,180,146
10.897,187.5,146
10.898,177.7,146
10.898,179.4,146
10.894,194.2,146
10.894,190.6,146
10.894,180.3,147
10.895,189.1,147
10.895,187.6,147
10.895,180.3,148
10.895,166.6,148
10.895,169.8,149
10.895,172.4,149
10.896,176.2,149
10.896,178.6,148
10.896,178.3,147
10.896,175.7,146
10.896,177.3,146
10.897,173.7,145
10.897,173.8,145
10.897,173.9,145
10.897,173.5,145
10.896,189.7,146
10.896,189.9,147
10.897,192.9,147
10.889,203,149
10.889,191,150
10.889,178,150
10.889,176.5,151
10.890,182.2,152
10.885,196.1,152
10.884,201.1,153
10.884,187,154
10.884,175,154
10.885,184.5,154
10.885,189.3,154
10.885,192.6,153
10.885,179.8,153
10.885,174.9,152
10.886,176,152
10.886,189.5,152
10.886,188.2,152
10.886,187.6,153
10.886,180.3,153
10.887,181.2,153
10.887,182.6,154
10.887,170.3,154
10.887,168.1,154
10.887,166.6,154
10.888,168.3,153
10.888,177.6,152
10.888,185.8,151
10.888,187.9,150
10.888,184.5,149
10.889,188.7,148
10.889,179.9,148
10.889,166.4,147
10.889,168.2,147
10.889,162.1,148
10.889,166.1,148
10.890,165.5,149
10.890,164.8,149
10.890,178.9,148
10.890,185.9,147
10.890,187,147
10.891,182.5,147
10.891,179.7,148
10.891,166.9,149
10.891,164.4,150
10.872,194.2,150
10.873,185.6,150
10.873,179.8,149
10.873,179.9,149
10.873,177.5,148
10.873,180.7,149
10.874,184.9,150
10.874,189.9,150
10.874,186,151
10.874,177.5,151
10.875,174.7,151
10.875,182.9,151
10.875,169.9,151
10.875,163.5,151
10.875,172.7,151
10.876,177.4,150
10.875,191.7,150
10.875,154.8,150
10.875,141.9,150
10.876,170,150
10.812,219.5,150
10.758,239.2,150
10.717,243.1,150
10.675,245.1,151
10.676,172.5,152
10.667,193.3,153
10.636,215.1,153
10.567,244.6,155
10.512,252.8,155
10.457,256.9,157
10.458,219.4,157
10.458,212.7,158
10.459,207.9,159
10.427,222.9,159
10.389,233.5,158
10.388,220.2,158
10.385,214.6,158
10.371,217.3,158
10.367,213.7,159
10.335,225.8,159
10.336,212.9,159
10.337,206.5,160
10.339,194.7,160
10.340,192.4,160
10.341,198.2,159
10.342,200.1,158
10.343,199.5,158
10.344,195.3,157
10.345,186.1,157
10.347,192.6,156
10.330,207.8,156
10.284,229.9,156
10.236,241.9,155
10.204,240,155
10.195,228,156
10.187,221,156
10.159,228,157
10.132,230.5,157
10.118,225.7,157
10.107,221.4,158
10.097,219.2,158
10.096,213.1,158
10.091,212.5,158
10.074,217.8,158
10.057,220.9,158
10.047,218.9,158
10.043,214.5,159
10.035,214.7,160
10.025,215.9,160
10.016,215.4,161
10.005,216.7,161
9.989,219.9,162
9.978,218.9,162
9.979,208.5,162
9.981,198.7,162
9.983,201.9,162
9.977,207.4,162
9.976,207.2,161
9.978,205.1,161
9.980,202.6,161
9.944,222.8,160
9.914,229.9,160
9.883,233.4,160
9.885,212.7,160
9.887,198.4,161
9.889,197.2,161
9.891,193.6,160
9.893,192.3,159
9.895,194.6,158
9.841,227.8,157
9.783,246.4,157
9.769,233.7,157
9.771,218.9,157
9.760,218.4,157
9.738,224.2,158
9.715,227.1,158
9.693,228.1,159
9.695,209.5,159
9.697,206.8,160
9.686,212.9,160
9.666,219.9,160
9.653,220,161
9.630,225.5,161
9.628,217.2,162
9.622,215.1,162
9.615,215.1,163
9.593,222,163
9.586,218.5,163
9.583,214.3,163
9.581,212.1,164
9.583,206.1,164
9.574,211.5,164
9.571,210.8,164
9.567,211.4,164
9.567,209.2,163
9.570,206.6,163
9.572,200.8,163
9.574,200.9,162
9.547,217.9,162
9.496,238,161
9.466,238,161
9.467,222.5,161
9.469,203.7,161
9.470,205.4,162
9.451,216.2,162
9.427,223.6,162
9.428,215.3,162
9.422,214.6,163
9.425,209.8,163
9.410,215.9,164
9.404,215,164
9.405,211,164
9.398,213,164
9.379,219.5,164
9.374,216.2,164
9.358,220.1,164
9.348,219.1,164
9.334,220.5,164
9.332,215.3,164
9.317,219.1,165
9.309,217.6,164
9.299,217.8,164
9.283,220.4,164
9.277,217.2,164
9.268,217.1,165
9.248,222.5,165
9.228,225.3,165
9.209,226.6,165
9.206,218.8,165
9.203,214.9,165
9.197,214.5,165
9.182,218.7,166
9.178,215.4,166
9.173,214.2,166
9.168,214.1,166
9.157,216.5,166
9.160,202.3,166
9.163,199.1,166
9.153,208.6,166
9.153,208.8,165
9.135,217.4,165
9.125,217.7,164
9.115,217.8,164
9.102,219.9,164
9.088,221,165
9.073,222,165
9.063,220.5,165
9.058,216.7,165
9.043,219.9,164
9.040,215.9,164
9.038,213,163
9.041,208,163
9.045,205.5,163
9.036,211.2,163
9.013,221.6,162
9.006,218.3,161
9.002,215.7,161
8.997,214.3,161
9.001,203.7,161
9.004,196.8,161
8.974,217.4,161
8.934,233.2,161
8.906,235.1,161
8.909,219.6,161
8.913,205.3,161
8.917,194.1,161
8.920,186.1,161
8.924,188.5,161
8.927,194.8,161
8.931,193.4,160
8.935,196.7,160
8.907,216.3,161
8.870,231.2,161
8.873,204.6,161
8.877,196.3,162
8.881,197.1,162
8.860,213.6,162
8.863,209.3,162
8.844,218.6,163
8.848,211.8,164
8.840,213.9,165
8.828,217.5,165
8.816,219.2,166
8.764,240.1,166
8.690,261.6,167
8.694,178.8,167
8.698,167.4,168
8.696,189.2,168
8.673,210.6,168
8.631,230.8,168
8.590,240.4,168
8.509,265.2,169
8.433,275.1,169
8.357,280.5,169
8.336,255.3,169
8.327,237.1,170
8.298,238.1,169
8.247,249,170
8.212,247,169
8.191,239,169
8.171,234.5,169
8.150,232.8,169
8.122,235.4,169
8.097,235.2,169
8.044,249.1,168
7.987,258,168
7.940,257.5,167
7.910,249.3,167
7.876,246.6,167
7.842,245.3,167
7.786,256.2,167
7.747,252.6,168
7.709,250.8,168
7.678,246.4,169
7.642,246.7,169
7.594,252.3,170
7.561,248.2,170
7.528,246.1,170
7.484,250.5,170
7.440,252.8,170
7.420,242.4,170
7.401,236.2,170
7.399,224.6,170
7.382,226.3,170
7.366,227.1,170
7.339,232.6,170
7.345,212.3,170
7.330,219.6,170
7.310,225.3,169
7.290,228.2,169
7.261,234.6,169
7.254,226.3,169
7.243,224.6,169
7.236,221.3,169
7.234,217.7,169
7.241,210.3,169
7.247,201.7,169
7.241,209.8,168
7.203,229.4,167
7.166,239.2,166
7.164,226.1,166
7.163,219.6,165
7.155,219.8,165
7.093,246.4,165
7.047,252.2,164
7.040,235.6,165
7.006,240.8,165
6.974,242.4,165
6.942,243.2,165
6.912,242.6,165
6.887,239.8,166
6.866,236.4,166
6.857,228.7,167
6.840,229.3,167
6.758,261.7,167
6.729,251.3,167
6.701,246.2,167
6.679,240.1,167
6.663,234.5,168
6.646,231.8,168
6.628,231.4,168
6.614,228.7,168
6.600,227.8,168
6.582,229.4,168
6.563,230.2,168
6.531,237.6,168
6.499,241.3,168
6.487,233.2,168
6.467,232.6,168
6.439,236.8,168
6.430,229.4,168
6.421,225.7,168
6.411,224.3,168
6.419,210.7,168
6.394,224.3,168
6.369,231.2,168
6.344,234.6,168
6.319,236.3,168
6.299,234.6,168
6.279,233.8,167
6.158,284.4,168
6.157,249.2,167
6.154,233.1,168
6.155,222.6,168
6.125,232.8,168
6.045,263.4,168
6.038,241.7,168
6.045,224.3,169
6.043,220.2,169
6.021,227.6,168
6.016,223.3,169
5.990,231.6,169
5.934,250.3,169
5.841,278.7,169
5.781,276.3,169
5.739,266.2,170
5.729,245.1,170
5.719,234.5,170
5.675,246.8,170
5.639,248.4,171
5.613,244.2,171
5.588,242.1,171
5.564,240,172
5.547,235.5,172
5.541,228.3,172
5.507,238.1,173
5.467,246.6,173
5.427,250.8,173
5.407,242.4,173
5.411,226.7,173
5.406,223.3,173
5.346,248.7,173
5.291,259.3,173
5.197,284.2,173
5.159,268.6,173
5.143,249.8,173
5.123,242.9,174
5.105,237.9,174
5.026,266,174
4.991,258,174
4.996,234.5,174
4.975,235.2,174
4.951,237.6,174
4.931,236.3,174
4.929,227.2,174
4.935,218.1,174
4.940,214.5,174
4.925,222.3,174
4.913,225.1,173
4.908,223.1,173
4.885,230.5,173
4.863,234.3,173
4.830,241.1,172
4.777,255.1,172
4.740,254,172
4.718,246,172
4.696,242,172
4.674,240,172
4.685,175,172
4.696,160,172
4.667,202.5,172
4.600,242.8,171
4.551,253.9,171
4.536,242.4,170
4.518,238.2,170
4.501,236.1,169
4.451,251.1,169
4.428,245,169
4.440,224.5,170
4.436,222.3,170
4.410,232.1,170
4.413,223.1,170
4.415,218.5,171
4.427,208.8,171
4.392,229.9,172
4.382,228.4,173
4.371,227.7,173
4.382,216.9,174
4.392,211.4,175
4.372,224.2,175
4.383,112.1,176
4.395,56.1,176
4.406,28,176
4.319,166,175
4.311,195,175
4.264,229.5,176
4.181,264.8,176
4.080,290.9,176
4.006,290.9,176
3.960,277.5,176
3.922,266.2,176
3.865,270.1,175
3.809,272.1,175
3.756,271,175
3.703,271,175
3.637,277,175
3.574,279,175
3.511,280,175
3.464,272.5,175
3.409,272.8,175
3.356,271.9,174
3.294,276.4,174
3.234,277.2,174
3.186,272.1,174
3.147,264.6,174
3.123,253.8,174
3.122,236.4,174
3.093,242.2,174
3.044,255.1,174
2.973,272.5,174
2.885,289.8,174
2.822,285.9,173
2.770,278.4,173
2.710,278.7,173
2.669,269.9,173
2.623,267.4,173
2.565,272.7,174
2.505,275.9,173
2.473,263.9,173
2.468,244.5,174
2.468,232.2,174
2.467,226.6,174
2.465,223.8,174
2.452,228.4,174
2.367,266.7,174
2.282,285.9,173
2.198,294.9,173
2.126,294,173
2.089,275.5,173
2.042,271.7,173
1.970,281.9,173
1.903,284.9,174
1.856,276.5,174
1.809,271.7,175
1.771,265.4,175
1.711,273.2,176
1.653,276.6,176
1.602,274.3,176
1.548,274.6,176
1.487,278.8,176
1.430,278.4,176
1.375,277.7,177
1.320,277.4,177
1.274,272.2,177
1.221,273.6,177
1.168,274.3,177
1.124,270.1,177
1.101,258.1,177
1.068,256.5,177
1.025,260.8,177
993,257.4,177
1.011,231.2,177
1.027,218.6,177
1.015,226.3,177
993,235.6,177
938,256.3,176
931,243.2,176
873,261.6,176
823,267.3,176
775,268.6,176
741,262.8,177
669,278.9,177
676,247.5,177
666,240.2,177
674,227.6,177
610,257.3,177
546,272.2,177
483,279.1,177
431,277,176
399,266.5,176
327,280.8,175
257,287.4,176
199,284.2,176
142,282.6,176
85,281.8,176
40,275.4,176
-9,274.2,176
-59,274.1,176
-111,275,176
-158,273.5,176
-201,270.3,177
-262,278.1,177
-326,283.1,177
-388,285,177
-440,281,177
-486,275.5,178
-525,269.8,178
-587,278.4,178
-648,282.7,178
-721,290.3,177
-775,284.7,177
-804,269.8,177
-843,266.9,177
-909,279.5,177
-969,282.2,177
-1.003,271.1,178
-1.067,280.6,178
-1.096,267.8,178
-1.133,265.4,178
-1.178,268.2,178
-1.202,259.1,179
-1.254,269,179
-1.314,277.5,179
-1.365,277.3,178
-1.409,274.1,178
-1.452,271.6,178
-1.483,264.8,178
-1.542,275.4,177
-1.602,280.7,177
-1.661,283.3,177
-1.712,280.7,178
-1.748,271.8,178
-1.797,274.4,178
-1.806,255.2,178
-1.804,240.1,178
-1.821,242.1,178
-1.853,251,178
-1.889,257,178
-1.900,247.5,178
-1.910,242.8,178
-1.958,258.9,178
-2.000,264.4,178
-2.027,259.2,178
-2.047,253.6,178
-2.029,231.8,179
-2.044,236.9,179
-2.078,249.5,180
-2.129,264.2,179
-2.180,271.6,179
-2.238,278.3,179
-2.264,266.2,179
-2.331,281.1,179
-2.363,270.5,178
-2.365,250.3,178
-2.388,250.6,178
-2.437,263.8,179
-2.485,270.4,179
-2.462,183.2,179
-2.438,139.6,179
-2.415,69.8,180
-2.392,34.9,180
-2.368,17.5,181
-2.345,8.7,182
-2.322,4.4,181
-2.299,2.2,180
-2.276,50.6,179
-2.253,120.3,179
-2.230,155.1,179
-2.284,218.6,179
-2.322,242.3,179
-2.298,217.1,178
-2.314,230.6,178
-2.330,237.3,178
-2.307,211.1,177
-2.284,207.6,177
-2.261,199.3,176
-2.238,195.1,175
-2.215,160.1,175
-2.192,145,174
-2.169,137.5,173
-2.153,174.8,173
-2.158,203.9,173
-2.135,170.9,172
-2.112,154.5,173
-2.090,146.2,172
-2.067,148.6,172
-2.057,183.3,172
-2.173,263.7,173
-2.290,303.8,173
-2.444,343.4,173
-2.506,316.7,174
-2.568,303.4,174
-2.624,294.2,175
-2.682,290.6,175
-2.741,288.8,174
-2.833,304.9,174
-2.913,306.9,174
-2.986,305,174
-3.043,295.5,174
-3.095,288.2,175
-3.153,288.1,175
-3.212,288.1,176
-3.305,305.5,176
-3.400,315.3,176
-3.471,308.1,177
-3.517,292.1,177
-3.572,288.5,177
-3.622,284.8,177
-3.673,282.9,177
-3.748,294.4,177
-3.802,289.2,177
-3.891,304.6,177
-3.922,283.3,177
-3.953,272.7,178
-3.996,273.3,178
-4.064,286.2,178
-4.137,295.1,178
-4.143,266,178
-4.148,251.5,178
-4.161,247.8,178
-4.175,246.4,178
-4.200,251.7,178
-4.263,272.8,178
-4.368,304.9,178
-4.468,318,178
-4.533,307.5,178
-4.555,280.7,178
-4.615,286.4,178
-4.670,286.7,178
-4.724,286.8,178
-4.763,278.9,178
-4.877,312.5,179
-4.887,277.7,178
-4.939,281.4,178
-4.912,238.2,178
-4.908,233.6,178
-4.973,265.8,178
-5.110,317.4,178
-5.213,326.7,178
-5.323,334.8,178
-5.425,335.4,178
-5.499,321.2,178
-5.566,311.1,178
-5.633,306.1,178
-5.694,300.5,178
-5.757,298.8,179
-5.810,292.9,179
-5.943,329.9,179
-6.023,322.5,179
-6.132,332.7,179
-6.200,317.9,180
-6.269,310.9,180
-6.302,289.5,180
-6.362,292.2,180
-6.466,315.6,181
-6.570,327.3,181
-6.648,320.7,181
-6.724,316.3,181
-6.771,299.2,181
-6.817,290.6,181
-6.885,297.3,181
-6.967,307.6,181
-7.060,318.8,181
-7.133,313.9,181
-7.205,311,182
-7.276,309.5,182
-7.343,306.7,182
-7.404,302.4,182
-7.486,310.7,182
-7.540,300.8,183
-7.600,298.9,183
-7.659,297.5,183
-7.730,303.2,183
-7.807,308.6,183
-7.889,314.3,183
-7.952,307.7,183
-8.023,308.3,183
-8.080,301.7,183
-8.113,286.3,183
-8.132,271.7,183
-8.184,281.3,183
-8.253,294.2,183
-8.345,312.1,183
-8.487,346.5,183
-8.564,331.3,183
-8.618,312.1,183
-8.672,302.6,183
-8.679,274.3,183
-8.645,151.1,183
-8.611,89.6,184
-8.576,131.3,184
-8.573,183.6,184
-8.539,178.8,184
-8.505,176.4,183
-8.472,165.2,183
-8.438,159.6,182
-8.424,192.3,182
-8.453,230.2,181
-8.482,249.1,182
-8.493,249.5,181
-8.537,265.8,181
-8.580,273.9,181
-8.621,276.9,181
-8.714,304.5,180
-8.781,305.7,180
-8.824,293.9,180
-8.877,293.4,180
-8.909,282.2,180
-8.954,283.6,180
-9.003,285.8,180
-9.080,301.4,180
-9.166,313.7,181
-9.239,313.4,181
-9.265,289.7,181
-9.271,268.3,181
-9.289,263.2,182
-9.329,271.6,182
-9.376,279.3,182
-9.450,297.1,182
-9.525,306.1,182
-9.631,326.5,182
-9.684,310.3,182
-9.719,293.1,182
-9.744,279.6,182
-9.774,275.3,182
-9.788,265.1,182
-9.786,252.1,182
-9.810,258.5,182
-9.827,258.3,182
-9.816,244.6,182
-9.844,256.8,182
-9.912,282.9,182
-10.000,306,181
-10.087,317.5,181
-10.088,279.7,181
-10.088,260.9,181
-10.066,240.4,181
-10.056,235.7,181
-10.049,235.4,181
-10.012,150.7,181
-9.976,108.3,181
-9.939,125.2,182
-9.903,133.6,181
-9.916,193.8,181
-9.962,240.9,181
-10.006,262.9,181
-10.022,260.5,181
-10.004,241.7,181
-9.984,231.9,180
-9.965,226.9,180
-10.025,264,180
-9.988,231,181
-9.951,155.5,181
-9.915,117.7,181
-9.879,114.9,181
-9.842,113.4,181
-9.806,139.2,181
-9.770,123.1,181
-9.864,229.1,181
-9.958,282,181
-10.058,312,181
-10.158,326.5,181
-10.285,347.8,181
-10.408,356.4,181
-10.500,345.2,181
-10.561,324.6,180
-10.618,311.8,180
-10.702,319.4,179
-10.776,317.7,179
-10.849,316.8,179
-10.912,311.4,179
-10.986,314.2,179
-11.063,317.6,179
-11.106,301.8,179
-11.100,269.4,180
-11.110,261.7,180
-11.193,293.9,180
-11.232,288.4,180
-11.226,262.7,180
-11.233,256.9,180
-11.194,215.4,180
-11.168,216.2,181
-11.129,193.1,181
-11.206,256.6,181
-11.282,288.3,181
-11.433,341.6,181
-11.572,361.8,181
-11.651,342.9,181
-11.711,323.5,181
-11.805,331.2,182
-11.932,351.1,182
-12.059,361.6,182
-12.169,358.3,182
-12.218,326.1,182
-12.301,327.6,183
-12.358,314.8,183
-12.440,321.4,183
-12.531,329.2,183
-12.613,328.1,183
-12.713,337.5,183
-12.824,347.3,184
-12.901,335.1,183
-12.959,320.1,183
-12.986,296.5,183
-13.009,283.3,183
-13.023,272.1,183
-13.041,268.1,183
-13.048,261,183
-13.007,233.5,184
-12.965,187.3,184
-12.924,164.1,184
-12.882,169.1,183
-12.840,168.5,183
-12.799,180.3,183
-12.850,238.6,183
-12.886,260.8,182
-12.925,272.9,182
-12.885,240,182
-12.844,221,182
-12.802,207.5,182
-12.761,203.2,182
-12.720,170.1,182
-12.678,139.1,182
-12.637,123.5,183
-12.679,205.8,183
-12.721,246.9,183
-12.764,267.9,183
-12.812,281.5,184
-12.848,281.7,184
-12.905,292.4,184
-13.009,321.7,184
-13.096,327.8,184
-13.183,330.9,183
-13.255,325,183
-13.309,313,183
-13.359,305,183
-13.442,317.5,183
-13.429,276.2,183
-13.496,295.1,183
-13.580,313.6,182
-13.637,309.3,182
-13.715,317.1,182
-13.811,330.6,182
-13.884,325.8,182
-13.982,336.4,183
-14.065,333.7,183
-14.118,317.8,183
-14.177,312.4,183
-14.235,309.7,183
-14.287,305.4,183
-14.362,314.7,183
-14.462,331.8,183
-14.525,321.9,183
-14.576,311.5,183
-14.637,310.7,184
-14.697,310.4,184
-14.713,287.7,184
-14.736,280.3,184
-14.775,284.7,185
-14.769,264.3,184
-14.725,194.7,185
-14.687,203.3,185
-14.714,240.2,185
-14.765,270.1,184
-14.794,274.5,185
-14.841,285.8,184
-14.892,293.4,184
-14.943,297.2,185
-14.980,292.1,185
-15.085,323.5,184
-15.190,339.3,185
-15.279,339.6,185
-15.368,339.8,185
-15.433,327.4,185
-15.492,318.7,185
-15.550,313.9,185
-15.609,312.4,185
-15.647,300.7,185
-15.681,292.9,185
-15.719,291.4,185
-15.726,274.7,185
-15.811,305.4,185
-15.872,309.2,184
-15.918,303.6,184
-15.965,300.8,184
-15.992,289.9,184
-16.007,278.4,184
-15.974,248.7,184
-15.927,159.9,184
-15.880,109.9,185
-15.833,55,185
-15.787,27.5,185
-15.740,13.7,185
-15.694,24.9,184
-15.675,128.9,184
-15.667,186,184
-15.621,167.5,183
-15.581,189.7,183
-15.535,189.4,183
-15.625,265.2,182
-15.662,276.6,182
-15.673,269.8,182
-15.677,262.4,182
-15.710,273.2,181
-15.815,315.1,181
-15.871,311,181
-15.922,307,181
-15.973,305,181
-16.015,299.5,181
-16.063,299.8,181
-16.126,307.4,181
-16.217,325.2,182
-16.280,320.1,182
-16.326,309.5,182
-16.373,304.3,182
-16.404,294.1,182
-16.454,298.1,182
-16.471,284,182
-16.423,190,183
-16.376,95,183
-16.328,47.5,183
-16.281,23.8,183
-16.233,11.9,184
-16.186,5.9,183
-16.139,3,183
-16.091,1.5,182
-16.044,0.7,182
-15.997,37.9,181
-15.963,127.9,180
-15.917,161.5,180
-15.870,168.7,180
-15.823,158.9,179
-15.776,157.9,179
-15.730,160.5,178
-15.683,123.2,178
-15.637,102.6,177
-15.591,92.3,177
-15.545,46.2,176
-15.498,23.1,175
-15.452,11.5,174
-15.406,5.8,174
-15.361,2.9,172
-15.315,1.4,171
-15.269,0.7,170
-15.223,88.4,170
-15.178,135.7,170
-15.271,239.8,170
-15.325,271.9,170
-15.373,285.5,171
-15.533,348.2,171
-15.693,379.6,171
-15.882,410.3,171
-15.998,388.7,173
-16.088,365.3,173
-16.178,353.7,174
-16.267,347.3,174
-16.355,344.2,174
-16.526,383.6,175
-16.696,403.3,175
-16.820,390.1,175
-16.929,376.6,175
-17.030,365.3,176
-17.114,351.6,176
-17.209,350.3,176
-17.333,364.2,177
-17.444,364.6,177
-17.515,345.3,178
-17.553,318.6,178
-17.645,332.8,179
-17.725,333.9,179
-17.797,330,179
-17.851,320,180
-17.861,292.5,180
-17.811,208.2,180
-17.761,166.1,181
-17.711,102.6,181
-17.661,70.8,181
-17.669,166.9,181
-17.735,243.4,180
-17.825,294.2,180
-17.882,303.1,180
-17.831,253.1,180
-17.781,228,179
-17.735,218.5,179
-17.689,213.8,179
-17.772,275.9,179
-17.831,294.9,179
-17.863,291,178
-17.893,288,178
-17.923,286.5,179
-17.985,301.7,179
-18.027,299.9,179
-18.076,301.9,180
-18.160,321,180
-18.284,350,181
-18.394,358,181
-18.473,346.5,181
-18.513,321.7,181
-18.462,256.9,182
-18.411,168.9,182
-18.360,100,182
-18.309,50,182
-18.258,25,181
-18.207,12.5,181
-18.156,6.2,181
-18.106,3.1,181
-18.055,1.6,181
-18.004,0.8,180
-17.954,0.4,180
-17.904,62.2,179
-17.854,90.6,179
-17.901,196.8,178
-17.871,210.9,178
-17.845,219.9,178
-17.944,287,177
-18.014,306,177
-18.108,328,176
-18.208,342,176
-18.288,338.5,176
-18.367,336.7,176
-18.433,329.4,176
-18.523,337.7,176
-18.639,355.3,176
-18.763,367.7,176
-18.886,373.8,177
-18.971,357.9,177
-19.046,345,177
-19.128,342,178
-19.216,344,178
-19.262,323.5,178
-19.307,313.2,179
-19.255,156.6,180
-19.202,78.3,180
-19.150,39.2,181
-19.097,19.6,181
-19.045,9.8,181
-18.993,26.4,181
-18.970,130.2,182
-18.946,182.1,181
-18.943,218,181
-18.940,236,181
-19.049,301,181
-19.158,333.5,181
-19.267,349.8,180
-19.306,323.4,180
-19.377,326.2,179
-19.441,323.6,179
-19.495,317.8,179
-19.544,312.4,179
-19.630,328.2,179
-19.747,352.1,178
-19.828,345.5,179
-19.908,342.3,179
-19.960,326.1,179
-20.026,325.6,179
-20.085,321.8,179
-20.099,297.4,179
-20.118,287.7,179
-20.163,295.8,179
-20.212,301.9,179
-20.231,290.5,179
-20.177,240.2,179
-20.123,215.1,180
-20.069,128.6,180
-20.015,85.3,181
-19.961,126.6,180
-19.980,202.3,180
-19.948,214.7,180
-19.946,235.8,181
-19.963,255.4,180
-19.954,252.7,180
-19.966,261.9,180
-19.989,271.9,180
-19.955,248.5,180
-19.902,187.2,180
-19.848,128.1,180
-19.820,179.6,180
-19.793,205.3,179
-19.900,285.6,179
-20.008,325.8,179
-20.052,314.4,179
-20.164,342.7,179
-20.260,349.4,179
-20.320,334.2,179
-20.298,285.6,179
-20.275,261.3,179
-20.278,261.6,179
-20.272,257.3,179
-20.327,286.2,179
-20.458,338.1,179
-20.577,358.5,179
-20.639,340.3,180
-20.681,321.1,180
-20.702,301.1,180
-20.734,296.5,181
-20.775,298.8,181
-20.772,277.9,181
-20.776,270.9,181
-20.805,280.5,181
-20.835,285.2,181
-20.918,314.1,181
-20.958,307.6,181
-20.946,277.8,181
-20.890,138.9,182
-20.835,69.4,182
-20.779,34.7,182
-20.724,17.4,182
-20.669,8.7,182
-20.614,4.3,181
-20.559,58.2,181
-20.504,121.6,181
-20.479,178.3,180
-20.425,191.6,179
